file,geo,variable,tableid,tableno
A202100_5,cty,Total population (All persons),A202100,5
A202101_5,cty,"Total, all ages 16 years and over",A202101,5
A202101_7,cty,16 and 17 years,A202101,7
A202101_9,cty,18 to 20 years,A202101,9
A202101_11,cty,21 to 24 years,A202101,11
A202101_13,cty,25 to 34 years,A202101,13
A202101_15,cty,35 to 44 years,A202101,15
A202101_17,cty,45 to 59 years,A202101,17
A202101_19,cty,60 to 64 years,A202101,19
A202101_21,cty,65 to 74 years,A202101,21
A202101_23,cty,75 years and over,A202101,23
A202103_5,cty,"Total, workers' earnings in the past 12 months",A202103,5
A202103_7,cty,"$1 to $9,999 or loss",A202103,7
A202103_9,cty,"$10,000 to $14,999",A202103,9
A202103_11,cty,"$15,000 to $24,999",A202103,11
A202103_13,cty,"$25,000 to $34,999",A202103,13
A202103_15,cty,"$35,000 to $49,999",A202103,15
A202103_17,cty,"$50,000 to $64,999",A202103,17
A202103_19,cty,"$65,000 to $74,999",A202103,19
A202103_21,cty,"$75,000 to $99,999",A202103,21
A202103_23,cty,"$100,000 or more",A202103,23
A202103_25,cty,No earnings in the past 12 months,A202103,25
A202104_5,cty,"Total, all industries",A202104,5
A202104_7,cty,"Agriculture, forestry, fishing and hunting, and mining",A202104,7
A202104_9,cty,Construction,A202104,9
A202104_11,cty,Manufacturing,A202104,11
A202104_13,cty,Wholesale trade,A202104,13
A202104_15,cty,Retail trade,A202104,15
A202104_17,cty,"Transportation and warehousing, and utilities",A202104,17
A202104_19,cty,Information,A202104,19
A202104_21,cty,"Finance, insurance, real estate and rental and leasing",A202104,21
A202104_23,cty,"Professional, scientific, management, administrative,  and waste management services",A202104,23
A202104_25,cty,"Educational, health and social services",A202104,25
A202104_27,cty,"Arts, entertainment, recreation, accommodation and food services",A202104,27
A202104_29,cty,Other services (except public administration),A202104,29
A202104_31,cty,Public administration,A202104,31
A202104_33,cty,Armed forces,A202104,33
A202105_5,cty,"Total, means of transportation",A202105,5
A202105_7,cty,"Car, truck, or van -- Drove alone",A202105,7
A202105_9,cty,"Car, truck, or van -- In a 2-person carpool",A202105,9
A202105_11,cty,"Car, truck, or van -- In a 3-person carpool",A202105,11
A202105_13,cty,"Car, truck, or van -- In a 4-person carpool",A202105,13
A202105_15,cty,"Car, truck, or van -- In a 5-or-6-person carpool",A202105,15
A202105_17,cty,"Car, truck, or van -- In a 7-or-more-person carpool",A202105,17
A202105_19,cty,Bus or trolley bus,A202105,19
A202105_21,cty,Streetcar or trolley car,A202105,21
A202105_23,cty,Subway or elevated,A202105,23
A202105_25,cty,Railroad,A202105,25
A202105_27,cty,Ferryboat,A202105,27
A202105_29,cty,Bicycle,A202105,29
A202105_31,cty,Walked,A202105,31
A202105_33,cty,Taxicab,A202105,33
A202105_35,cty,Motorcycle,A202105,35
A202105_37,cty,Other method,A202105,37
A202105_39,cty,Worked at home,A202105,39
A202106_5,cty,"Total, all occupations",A202106,5
A202106_7,cty,Management occupations,A202106,7
A202106_9,cty,Farmers and farm managers,A202106,9
A202106_11,cty,Business and financial operations specialists,A202106,11
A202106_13,cty,Computer and mathematical occupations,A202106,13
A202106_15,cty,Architecture and engineering occupations,A202106,15
A202106_17,cty,"Life, physical, and social science occupations",A202106,17
A202106_19,cty,Community and social service occupations,A202106,19
A202106_21,cty,Legal occupations,A202106,21
A202106_23,cty,"Education, training, and library occupations",A202106,23
A202106_25,cty,"Arts, design, entertainment, sports, and media occupations",A202106,25
A202106_27,cty,Healthcare practitioners and technicians occpuations,A202106,27
A202106_29,cty,Healthcare support occupations,A202106,29
A202106_31,cty,Protective service occupations,A202106,31
A202106_33,cty,Food preparation and serving related occupations,A202106,33
A202106_35,cty,Building and grounds cleaning and maintenance occupations,A202106,35
A202106_37,cty,Personal care and service occupations,A202106,37
A202106_39,cty,Sales and related occupations,A202106,39
A202106_41,cty,Office and administrative support occupations,A202106,41
A202106_43,cty,"Farming, fishing, and forestry occupations",A202106,43
A202106_45,cty,Construction and extraction occupations,A202106,45
A202106_47,cty,"Installation, maintenance, and repair occupations",A202106,47
A202106_49,cty,Production occupations,A202106,49
A202106_51,cty,Transportation and material moving occupations,A202106,51
A202106_53,cty,Armed Forces,A202106,53
A202107_5,cty,"Total persons, Hispanic/Latino origin",A202107,5
A202107_7,cty,Hispanic or Latino,A202107,7
A202107_9,cty,Not Hispanic or Latino,A202107,9
A202110_5,cty,All races,A202110,5
A202110_7,cty,White alone,A202110,7
A202110_9,cty,Black or African American alone,A202110,9
A202110_11,cty,Asian alone,A202110,11
A202110_13,cty,"All Other, i.e., 2 or more races, Native Hawaiian or Pacific Islander, American Indian or Alaska Native, Other race",A202110,13
A202111_5,cty,Both sexes,A202111,5
A202111_7,cty,Male,A202111,7
A202111_9,cty,Female,A202111,9
A202112_5,cty,All workers,A202112,5
A202112_7,cty,Did not work at home,A202112,7
A202112_9,cty,5:00 a.m. to 5:14 a.m.,A202112,9
A202112_11,cty,5:15 a.m. to 5:29 a.m.,A202112,11
A202112_13,cty,5:30 a.m. to 5:44 a.m.,A202112,13
A202112_15,cty,5:45 a.m. to 5:59 a.m.,A202112,15
A202112_17,cty,6:00 a.m. to 6:14 a.m.,A202112,17
A202112_19,cty,6:15 a.m. to 6:29 a.m.,A202112,19
A202112_21,cty,6:30 a.m. to 6:44 a.m.,A202112,21
A202112_23,cty,6:45 a.m. to 6:59 a.m.,A202112,23
A202112_25,cty,7:00 a.m. to 7:14 a.m.,A202112,25
A202112_27,cty,7:15 a.m. to 7:29 a.m.,A202112,27
A202112_29,cty,7:30 a.m. to 7:44 a.m.,A202112,29
A202112_31,cty,7:45 a.m. to 7:59 a.m.,A202112,31
A202112_33,cty,8:00 a.m. to 8:14 a.m.,A202112,33
A202112_35,cty,8:15 a.m. to 8:29 a.m.,A202112,35
A202112_37,cty,8:30 a.m. to 8:44 a.m.,A202112,37
A202112_39,cty,8:45 a.m. to 8:59 a.m.,A202112,39
A202112_41,cty,9:00 a.m. to 9:14 a.m.,A202112,41
A202112_43,cty,9:15 a.m. to 9:29 a.m.,A202112,43
A202112_45,cty,9:30 a.m. to 9:44 a.m.,A202112,45
A202112_47,cty,9:45 a.m. to 9:59 a.m.,A202112,47
A202112_49,cty,10:00 a.m. to 10:14 a.m.,A202112,49
A202112_51,cty,10:15 a.m. to 10:29 a.m.,A202112,51
A202112_53,cty,10:30 a.m. to 10:44 a.m.,A202112,53
A202112_55,cty,10:45 a.m. to 10:59 a.m.,A202112,55
A202112_57,cty,11:00 a.m. to 11:59 a.m.,A202112,57
A202112_59,cty,12:00 p.m. to 12:59 p.m.,A202112,59
A202112_61,cty,1:00 p.m. to 1:59 p.m.,A202112,61
A202112_63,cty,2:00 p.m. to 2:59 p.m.,A202112,63
A202112_65,cty,3:00 p.m. to 3:59 p.m.,A202112,65
A202112_67,cty,4:00 p.m. to 4:59 p.m.,A202112,67
A202112_69,cty,5:00 p.m. to 5:59 p.m.,A202112,69
A202112_71,cty,6:00 p.m. to 6:59 p.m.,A202112,71
A202112_73,cty,7:00 p.m. to 7:59 p.m.,A202112,73
A202112_75,cty,8:00 p.m. to 8:59 p.m.,A202112,75
A202112_77,cty,9:00 p.m. to 9:59 p.m.,A202112,77
A202112_79,cty,10:00 p.m. to 10:59 p.m.,A202112,79
A202112_81,cty,11:00 p.m. to 11:59 p.m.,A202112,81
A202112_83,cty,12:00 a.m. to 4:59 a.m.,A202112,83
A202112_85,cty,Worked at home,A202112,85
A203100_5,cty,Total workers in households,A203100,5
B203101_5,cty,"Total, household income",B203101,5
B203101_7,cty,"Less than $5,000",B203101,7
B203101_9,cty,"$5,000-$9,999",B203101,9
B203101_11,cty,"$10,000-$12,499",B203101,11
B203101_13,cty,"$12,500-$14,999",B203101,13
B203101_15,cty,"$15,000-$17,499",B203101,15
B203101_17,cty,"$17,500-$19,999",B203101,17
B203101_19,cty,"$20,000-$22,499",B203101,19
B203101_21,cty,"$22,500-$24,999",B203101,21
B203101_23,cty,"$25,000-$27,499",B203101,23
B203101_25,cty,"$27,500-$29,999",B203101,25
B203101_27,cty,"$30,000-$32,499",B203101,27
B203101_29,cty,"$32,500-$34,999",B203101,29
B203101_31,cty,"$35,000-$37,499",B203101,31
B203101_33,cty,"$37,500-$39,999",B203101,33
B203101_35,cty,"$40,000-$42,499",B203101,35
B203101_37,cty,"$42,500-$44,999",B203101,37
B203101_39,cty,"$45,000-$47,499",B203101,39
B203101_41,cty,"$47,500-$49,999",B203101,41
B203101_43,cty,"$50,000-$54,999",B203101,43
B203101_45,cty,"$55,000-$59,999",B203101,45
B203101_47,cty,"$60,000-$74,999",B203101,47
B203101_49,cty,"$75,000-$99,999",B203101,49
B203101_51,cty,"$100,000-$124,999",B203101,51
B203101_53,cty,"$125,000-$149,999",B203101,53
B203101_55,cty,"$150,000 or more",B203101,55
B203102_5,cty,"Total, vehicles available",B203102,5
B203102_7,cty,0 vehicles,B203102,7
B203102_9,cty,1 vehicle,B203102,9
B203102_11,cty,2 vehicles,B203102,11
B203102_13,cty,3 vehicles,B203102,13
B203102_15,cty,4-or-more vehicles,B203102,15
B207100_5,cty,"Workers per car, truck, or van",B207100,5
A202100_5,powpuma,Total population (All persons),A202100,5
A202101_5,powpuma,"Total, all ages 16 years and over",A202101,5
A202101_7,powpuma,16 and 17 years,A202101,7
A202101_9,powpuma,18 to 20 years,A202101,9
A202101_11,powpuma,21 to 24 years,A202101,11
A202101_13,powpuma,25 to 34 years,A202101,13
A202101_15,powpuma,35 to 44 years,A202101,15
A202101_17,powpuma,45 to 59 years,A202101,17
A202101_19,powpuma,60 to 64 years,A202101,19
A202101_21,powpuma,65 to 74 years,A202101,21
A202101_23,powpuma,75 years and over,A202101,23
A202103_5,powpuma,"Total, workers' earnings in the past 12 months",A202103,5
A202103_7,powpuma,"$1 to $9,999 or loss",A202103,7
A202103_9,powpuma,"$10,000 to $14,999",A202103,9
A202103_11,powpuma,"$15,000 to $24,999",A202103,11
A202103_13,powpuma,"$25,000 to $34,999",A202103,13
A202103_15,powpuma,"$35,000 to $49,999",A202103,15
A202103_17,powpuma,"$50,000 to $64,999",A202103,17
A202103_19,powpuma,"$65,000 to $74,999",A202103,19
A202103_21,powpuma,"$75,000 to $99,999",A202103,21
A202103_23,powpuma,"$100,000 or more",A202103,23
A202103_25,powpuma,No earnings in the past 12 months,A202103,25
A202104_5,powpuma,"Total, all industries",A202104,5
A202104_7,powpuma,"Agriculture, forestry, fishing and hunting, and mining",A202104,7
A202104_9,powpuma,Construction,A202104,9
A202104_11,powpuma,Manufacturing,A202104,11
A202104_13,powpuma,Wholesale trade,A202104,13
A202104_15,powpuma,Retail trade,A202104,15
A202104_17,powpuma,"Transportation and warehousing, and utilities",A202104,17
A202104_19,powpuma,Information,A202104,19
A202104_21,powpuma,"Finance, insurance, real estate and rental and leasing",A202104,21
A202104_23,powpuma,"Professional, scientific, management, administrative,  and waste management services",A202104,23
A202104_25,powpuma,"Educational, health and social services",A202104,25
A202104_27,powpuma,"Arts, entertainment, recreation, accommodation and food services",A202104,27
A202104_29,powpuma,Other services (except public administration),A202104,29
A202104_31,powpuma,Public administration,A202104,31
A202104_33,powpuma,Armed forces,A202104,33
A202105_5,powpuma,"Total, means of transportation",A202105,5
A202105_7,powpuma,"Car, truck, or van -- Drove alone",A202105,7
A202105_9,powpuma,"Car, truck, or van -- In a 2-person carpool",A202105,9
A202105_11,powpuma,"Car, truck, or van -- In a 3-person carpool",A202105,11
A202105_13,powpuma,"Car, truck, or van -- In a 4-person carpool",A202105,13
A202105_15,powpuma,"Car, truck, or van -- In a 5-or-6-person carpool",A202105,15
A202105_17,powpuma,"Car, truck, or van -- In a 7-or-more-person carpool",A202105,17
A202105_19,powpuma,Bus or trolley bus,A202105,19
A202105_21,powpuma,Streetcar or trolley car,A202105,21
A202105_23,powpuma,Subway or elevated,A202105,23
A202105_25,powpuma,Railroad,A202105,25
A202105_27,powpuma,Ferryboat,A202105,27
A202105_29,powpuma,Bicycle,A202105,29
A202105_31,powpuma,Walked,A202105,31
A202105_33,powpuma,Taxicab,A202105,33
A202105_35,powpuma,Motorcycle,A202105,35
A202105_37,powpuma,Other method,A202105,37
A202105_39,powpuma,Worked at home,A202105,39
A202106_5,powpuma,"Total, all occupations",A202106,5
A202106_7,powpuma,Management occupations,A202106,7
A202106_9,powpuma,Farmers and farm managers,A202106,9
A202106_11,powpuma,Business and financial operations specialists,A202106,11
A202106_13,powpuma,Computer and mathematical occupations,A202106,13
A202106_15,powpuma,Architecture and engineering occupations,A202106,15
A202106_17,powpuma,"Life, physical, and social science occupations",A202106,17
A202106_19,powpuma,Community and social service occupations,A202106,19
A202106_21,powpuma,Legal occupations,A202106,21
A202106_23,powpuma,"Education, training, and library occupations",A202106,23
A202106_25,powpuma,"Arts, design, entertainment, sports, and media occupations",A202106,25
A202106_27,powpuma,Healthcare practitioners and technicians occpuations,A202106,27
A202106_29,powpuma,Healthcare support occupations,A202106,29
A202106_31,powpuma,Protective service occupations,A202106,31
A202106_33,powpuma,Food preparation and serving related occupations,A202106,33
A202106_35,powpuma,Building and grounds cleaning and maintenance occupations,A202106,35
A202106_37,powpuma,Personal care and service occupations,A202106,37
A202106_39,powpuma,Sales and related occupations,A202106,39
A202106_41,powpuma,Office and administrative support occupations,A202106,41
A202106_43,powpuma,"Farming, fishing, and forestry occupations",A202106,43
A202106_45,powpuma,Construction and extraction occupations,A202106,45
A202106_47,powpuma,"Installation, maintenance, and repair occupations",A202106,47
A202106_49,powpuma,Production occupations,A202106,49
A202106_51,powpuma,Transportation and material moving occupations,A202106,51
A202106_53,powpuma,Armed Forces,A202106,53
A202107_5,powpuma,"Total persons, Hispanic/Latino origin",A202107,5
A202107_7,powpuma,Hispanic or Latino,A202107,7
A202107_9,powpuma,Not Hispanic or Latino,A202107,9
A202110_5,powpuma,All races,A202110,5
A202110_7,powpuma,White alone,A202110,7
A202110_9,powpuma,Black or African American alone,A202110,9
A202110_11,powpuma,Asian alone,A202110,11
A202110_13,powpuma,"All Other, i.e., 2 or more races, Native Hawaiian or Pacific Islander, American Indian or Alaska Native, Other race",A202110,13
A202111_5,powpuma,Both sexes,A202111,5
A202111_7,powpuma,Male,A202111,7
A202111_9,powpuma,Female,A202111,9
A202112_5,powpuma,All workers,A202112,5
A202112_7,powpuma,Did not work at home,A202112,7
A202112_9,powpuma,5:00 a.m. to 5:14 a.m.,A202112,9
A202112_11,powpuma,5:15 a.m. to 5:29 a.m.,A202112,11
A202112_13,powpuma,5:30 a.m. to 5:44 a.m.,A202112,13
A202112_15,powpuma,5:45 a.m. to 5:59 a.m.,A202112,15
A202112_17,powpuma,6:00 a.m. to 6:14 a.m.,A202112,17
A202112_19,powpuma,6:15 a.m. to 6:29 a.m.,A202112,19
A202112_21,powpuma,6:30 a.m. to 6:44 a.m.,A202112,21
A202112_23,powpuma,6:45 a.m. to 6:59 a.m.,A202112,23
A202112_25,powpuma,7:00 a.m. to 7:14 a.m.,A202112,25
A202112_27,powpuma,7:15 a.m. to 7:29 a.m.,A202112,27
A202112_29,powpuma,7:30 a.m. to 7:44 a.m.,A202112,29
A202112_31,powpuma,7:45 a.m. to 7:59 a.m.,A202112,31
A202112_33,powpuma,8:00 a.m. to 8:14 a.m.,A202112,33
A202112_35,powpuma,8:15 a.m. to 8:29 a.m.,A202112,35
A202112_37,powpuma,8:30 a.m. to 8:44 a.m.,A202112,37
A202112_39,powpuma,8:45 a.m. to 8:59 a.m.,A202112,39
A202112_41,powpuma,9:00 a.m. to 9:14 a.m.,A202112,41
A202112_43,powpuma,9:15 a.m. to 9:29 a.m.,A202112,43
A202112_45,powpuma,9:30 a.m. to 9:44 a.m.,A202112,45
A202112_47,powpuma,9:45 a.m. to 9:59 a.m.,A202112,47
A202112_49,powpuma,10:00 a.m. to 10:14 a.m.,A202112,49
A202112_51,powpuma,10:15 a.m. to 10:29 a.m.,A202112,51
A202112_53,powpuma,10:30 a.m. to 10:44 a.m.,A202112,53
A202112_55,powpuma,10:45 a.m. to 10:59 a.m.,A202112,55
A202112_57,powpuma,11:00 a.m. to 11:59 a.m.,A202112,57
A202112_59,powpuma,12:00 p.m. to 12:59 p.m.,A202112,59
A202112_61,powpuma,1:00 p.m. to 1:59 p.m.,A202112,61
A202112_63,powpuma,2:00 p.m. to 2:59 p.m.,A202112,63
A202112_65,powpuma,3:00 p.m. to 3:59 p.m.,A202112,65
A202112_67,powpuma,4:00 p.m. to 4:59 p.m.,A202112,67
A202112_69,powpuma,5:00 p.m. to 5:59 p.m.,A202112,69
A202112_71,powpuma,6:00 p.m. to 6:59 p.m.,A202112,71
A202112_73,powpuma,7:00 p.m. to 7:59 p.m.,A202112,73
A202112_75,powpuma,8:00 p.m. to 8:59 p.m.,A202112,75
A202112_77,powpuma,9:00 p.m. to 9:59 p.m.,A202112,77
A202112_79,powpuma,10:00 p.m. to 10:59 p.m.,A202112,79
A202112_81,powpuma,11:00 p.m. to 11:59 p.m.,A202112,81
A202112_83,powpuma,12:00 a.m. to 4:59 a.m.,A202112,83
A202112_85,powpuma,Worked at home,A202112,85
A203100_5,powpuma,Total workers in households,A203100,5
B203101_5,powpuma,"Total, household income",B203101,5
B203101_7,powpuma,"Less than $5,000",B203101,7
B203101_9,powpuma,"$5,000-$9,999",B203101,9
B203101_11,powpuma,"$10,000-$12,499",B203101,11
B203101_13,powpuma,"$12,500-$14,999",B203101,13
B203101_15,powpuma,"$15,000-$17,499",B203101,15
B203101_17,powpuma,"$17,500-$19,999",B203101,17
B203101_19,powpuma,"$20,000-$22,499",B203101,19
B203101_21,powpuma,"$22,500-$24,999",B203101,21
B203101_23,powpuma,"$25,000-$27,499",B203101,23
B203101_25,powpuma,"$27,500-$29,999",B203101,25
B203101_27,powpuma,"$30,000-$32,499",B203101,27
B203101_29,powpuma,"$32,500-$34,999",B203101,29
B203101_31,powpuma,"$35,000-$37,499",B203101,31
B203101_33,powpuma,"$37,500-$39,999",B203101,33
B203101_35,powpuma,"$40,000-$42,499",B203101,35
B203101_37,powpuma,"$42,500-$44,999",B203101,37
B203101_39,powpuma,"$45,000-$47,499",B203101,39
B203101_41,powpuma,"$47,500-$49,999",B203101,41
B203101_43,powpuma,"$50,000-$54,999",B203101,43
B203101_45,powpuma,"$55,000-$59,999",B203101,45
B203101_47,powpuma,"$60,000-$74,999",B203101,47
B203101_49,powpuma,"$75,000-$99,999",B203101,49
B203101_51,powpuma,"$100,000-$124,999",B203101,51
B203101_53,powpuma,"$125,000-$149,999",B203101,53
B203101_55,powpuma,"$150,000 or more",B203101,55
B203102_5,powpuma,"Total, vehicles available",B203102,5
B203102_7,powpuma,0 vehicles,B203102,7
B203102_9,powpuma,1 vehicle,B203102,9
B203102_11,powpuma,2 vehicles,B203102,11
B203102_13,powpuma,3 vehicles,B203102,13
B203102_15,powpuma,4-or-more vehicles,B203102,15
B207100_5,powpuma,"Workers per car, truck, or van",B207100,5
A202100_5,tad,Total population (All persons),A202100,5
A202101_5,tad,"Total, all ages 16 years and over",A202101,5
A202101_7,tad,16 and 17 years,A202101,7
A202101_9,tad,18 to 20 years,A202101,9
A202101_11,tad,21 to 24 years,A202101,11
A202101_13,tad,25 to 34 years,A202101,13
A202101_15,tad,35 to 44 years,A202101,15
A202101_17,tad,45 to 59 years,A202101,17
A202101_19,tad,60 to 64 years,A202101,19
A202101_21,tad,65 to 74 years,A202101,21
A202101_23,tad,75 years and over,A202101,23
A202103_5,tad,"Total, workers' earnings in the past 12 months",A202103,5
A202103_7,tad,"$1 to $9,999 or loss",A202103,7
A202103_9,tad,"$10,000 to $14,999",A202103,9
A202103_11,tad,"$15,000 to $24,999",A202103,11
A202103_13,tad,"$25,000 to $34,999",A202103,13
A202103_15,tad,"$35,000 to $49,999",A202103,15
A202103_17,tad,"$50,000 to $64,999",A202103,17
A202103_19,tad,"$65,000 to $74,999",A202103,19
A202103_21,tad,"$75,000 to $99,999",A202103,21
A202103_23,tad,"$100,000 or more",A202103,23
A202103_25,tad,No earnings in the past 12 months,A202103,25
A202104_5,tad,"Total, all industries",A202104,5
A202104_7,tad,"Agriculture, forestry, fishing and hunting, and mining",A202104,7
A202104_9,tad,Construction,A202104,9
A202104_11,tad,Manufacturing,A202104,11
A202104_13,tad,Wholesale trade,A202104,13
A202104_15,tad,Retail trade,A202104,15
A202104_17,tad,"Transportation and warehousing, and utilities",A202104,17
A202104_19,tad,Information,A202104,19
A202104_21,tad,"Finance, insurance, real estate and rental and leasing",A202104,21
A202104_23,tad,"Professional, scientific, management, administrative,  and waste management services",A202104,23
A202104_25,tad,"Educational, health and social services",A202104,25
A202104_27,tad,"Arts, entertainment, recreation, accommodation and food services",A202104,27
A202104_29,tad,Other services (except public administration),A202104,29
A202104_31,tad,Public administration,A202104,31
A202104_33,tad,Armed forces,A202104,33
A202105_5,tad,"Total, means of transportation",A202105,5
A202105_7,tad,"Car, truck, or van -- Drove alone",A202105,7
A202105_9,tad,"Car, truck, or van -- In a 2-person carpool",A202105,9
A202105_11,tad,"Car, truck, or van -- In a 3-person carpool",A202105,11
A202105_13,tad,"Car, truck, or van -- In a 4-person carpool",A202105,13
A202105_15,tad,"Car, truck, or van -- In a 5-or-6-person carpool",A202105,15
A202105_17,tad,"Car, truck, or van -- In a 7-or-more-person carpool",A202105,17
A202105_19,tad,Bus or trolley bus,A202105,19
A202105_21,tad,Streetcar or trolley car,A202105,21
A202105_23,tad,Subway or elevated,A202105,23
A202105_25,tad,Railroad,A202105,25
A202105_27,tad,Ferryboat,A202105,27
A202105_29,tad,Bicycle,A202105,29
A202105_31,tad,Walked,A202105,31
A202105_33,tad,Taxicab,A202105,33
A202105_35,tad,Motorcycle,A202105,35
A202105_37,tad,Other method,A202105,37
A202105_39,tad,Worked at home,A202105,39
A202106_5,tad,"Total, all occupations",A202106,5
A202106_7,tad,Management occupations,A202106,7
A202106_9,tad,Farmers and farm managers,A202106,9
A202106_11,tad,Business and financial operations specialists,A202106,11
A202106_13,tad,Computer and mathematical occupations,A202106,13
A202106_15,tad,Architecture and engineering occupations,A202106,15
A202106_17,tad,"Life, physical, and social science occupations",A202106,17
A202106_19,tad,Community and social service occupations,A202106,19
A202106_21,tad,Legal occupations,A202106,21
A202106_23,tad,"Education, training, and library occupations",A202106,23
A202106_25,tad,"Arts, design, entertainment, sports, and media occupations",A202106,25
A202106_27,tad,Healthcare practitioners and technicians occpuations,A202106,27
A202106_29,tad,Healthcare support occupations,A202106,29
A202106_31,tad,Protective service occupations,A202106,31
A202106_33,tad,Food preparation and serving related occupations,A202106,33
A202106_35,tad,Building and grounds cleaning and maintenance occupations,A202106,35
A202106_37,tad,Personal care and service occupations,A202106,37
A202106_39,tad,Sales and related occupations,A202106,39
A202106_41,tad,Office and administrative support occupations,A202106,41
A202106_43,tad,"Farming, fishing, and forestry occupations",A202106,43
A202106_45,tad,Construction and extraction occupations,A202106,45
A202106_47,tad,"Installation, maintenance, and repair occupations",A202106,47
A202106_49,tad,Production occupations,A202106,49
A202106_51,tad,Transportation and material moving occupations,A202106,51
A202106_53,tad,Armed Forces,A202106,53
A202107_5,tad,"Total persons, Hispanic/Latino origin",A202107,5
A202107_7,tad,Hispanic or Latino,A202107,7
A202107_9,tad,Not Hispanic or Latino,A202107,9
A202110_5,tad,All races,A202110,5
A202110_7,tad,White alone,A202110,7
A202110_9,tad,Black or African American alone,A202110,9
A202110_11,tad,Asian alone,A202110,11
A202110_13,tad,"All Other, i.e., 2 or more races, Native Hawaiian or Pacific Islander, American Indian or Alaska Native, Other race",A202110,13
A202111_5,tad,Both sexes,A202111,5
A202111_7,tad,Male,A202111,7
A202111_9,tad,Female,A202111,9
A202112_5,tad,All workers,A202112,5
A202112_7,tad,Did not work at home,A202112,7
A202112_9,tad,5:00 a.m. to 5:14 a.m.,A202112,9
A202112_11,tad,5:15 a.m. to 5:29 a.m.,A202112,11
A202112_13,tad,5:30 a.m. to 5:44 a.m.,A202112,13
A202112_15,tad,5:45 a.m. to 5:59 a.m.,A202112,15
A202112_17,tad,6:00 a.m. to 6:14 a.m.,A202112,17
A202112_19,tad,6:15 a.m. to 6:29 a.m.,A202112,19
A202112_21,tad,6:30 a.m. to 6:44 a.m.,A202112,21
A202112_23,tad,6:45 a.m. to 6:59 a.m.,A202112,23
A202112_25,tad,7:00 a.m. to 7:14 a.m.,A202112,25
A202112_27,tad,7:15 a.m. to 7:29 a.m.,A202112,27
A202112_29,tad,7:30 a.m. to 7:44 a.m.,A202112,29
A202112_31,tad,7:45 a.m. to 7:59 a.m.,A202112,31
A202112_33,tad,8:00 a.m. to 8:14 a.m.,A202112,33
A202112_35,tad,8:15 a.m. to 8:29 a.m.,A202112,35
A202112_37,tad,8:30 a.m. to 8:44 a.m.,A202112,37
A202112_39,tad,8:45 a.m. to 8:59 a.m.,A202112,39
A202112_41,tad,9:00 a.m. to 9:14 a.m.,A202112,41
A202112_43,tad,9:15 a.m. to 9:29 a.m.,A202112,43
A202112_45,tad,9:30 a.m. to 9:44 a.m.,A202112,45
A202112_47,tad,9:45 a.m. to 9:59 a.m.,A202112,47
A202112_49,tad,10:00 a.m. to 10:14 a.m.,A202112,49
A202112_51,tad,10:15 a.m. to 10:29 a.m.,A202112,51
A202112_53,tad,10:30 a.m. to 10:44 a.m.,A202112,53
A202112_55,tad,10:45 a.m. to 10:59 a.m.,A202112,55
A202112_57,tad,11:00 a.m. to 11:59 a.m.,A202112,57
A202112_59,tad,12:00 p.m. to 12:59 p.m.,A202112,59
A202112_61,tad,1:00 p.m. to 1:59 p.m.,A202112,61
A202112_63,tad,2:00 p.m. to 2:59 p.m.,A202112,63
A202112_65,tad,3:00 p.m. to 3:59 p.m.,A202112,65
A202112_67,tad,4:00 p.m. to 4:59 p.m.,A202112,67
A202112_69,tad,5:00 p.m. to 5:59 p.m.,A202112,69
A202112_71,tad,6:00 p.m. to 6:59 p.m.,A202112,71
A202112_73,tad,7:00 p.m. to 7:59 p.m.,A202112,73
A202112_75,tad,8:00 p.m. to 8:59 p.m.,A202112,75
A202112_77,tad,9:00 p.m. to 9:59 p.m.,A202112,77
A202112_79,tad,10:00 p.m. to 10:59 p.m.,A202112,79
A202112_81,tad,11:00 p.m. to 11:59 p.m.,A202112,81
A202112_83,tad,12:00 a.m. to 4:59 a.m.,A202112,83
A202112_85,tad,Worked at home,A202112,85
A203100_5,tad,Total workers in households,A203100,5
B203101_5,tad,"Total, household income",B203101,5
B203101_7,tad,"Less than $5,000",B203101,7
B203101_9,tad,"$5,000-$9,999",B203101,9
B203101_11,tad,"$10,000-$12,499",B203101,11
B203101_13,tad,"$12,500-$14,999",B203101,13
B203101_15,tad,"$15,000-$17,499",B203101,15
B203101_17,tad,"$17,500-$19,999",B203101,17
B203101_19,tad,"$20,000-$22,499",B203101,19
B203101_21,tad,"$22,500-$24,999",B203101,21
B203101_23,tad,"$25,000-$27,499",B203101,23
B203101_25,tad,"$27,500-$29,999",B203101,25
B203101_27,tad,"$30,000-$32,499",B203101,27
B203101_29,tad,"$32,500-$34,999",B203101,29
B203101_31,tad,"$35,000-$37,499",B203101,31
B203101_33,tad,"$37,500-$39,999",B203101,33
B203101_35,tad,"$40,000-$42,499",B203101,35
B203101_37,tad,"$42,500-$44,999",B203101,37
B203101_39,tad,"$45,000-$47,499",B203101,39
B203101_41,tad,"$47,500-$49,999",B203101,41
B203101_43,tad,"$50,000-$54,999",B203101,43
B203101_45,tad,"$55,000-$59,999",B203101,45
B203101_47,tad,"$60,000-$74,999",B203101,47
B203101_49,tad,"$75,000-$99,999",B203101,49
B203101_51,tad,"$100,000-$124,999",B203101,51
B203101_53,tad,"$125,000-$149,999",B203101,53
B203101_55,tad,"$150,000 or more",B203101,55
B203102_5,tad,"Total, vehicles available",B203102,5
B203102_7,tad,0 vehicles,B203102,7
B203102_9,tad,1 vehicle,B203102,9
B203102_11,tad,2 vehicles,B203102,11
B203102_13,tad,3 vehicles,B203102,13
B203102_15,tad,4-or-more vehicles,B203102,15
B207100_5,tad,"Workers per car, truck, or van",B207100,5
A202100_5,tract,Total population (All persons),A202100,5
A202101_5,tract,"Total, all ages 16 years and over",A202101,5
A202101_7,tract,16 and 17 years,A202101,7
A202101_9,tract,18 to 20 years,A202101,9
A202101_11,tract,21 to 24 years,A202101,11
A202101_13,tract,25 to 34 years,A202101,13
A202101_15,tract,35 to 44 years,A202101,15
A202101_17,tract,45 to 59 years,A202101,17
A202101_19,tract,60 to 64 years,A202101,19
A202101_21,tract,65 to 74 years,A202101,21
A202101_23,tract,75 years and over,A202101,23
A202103_5,tract,"Total, workers' earnings in the past 12 months",A202103,5
A202103_7,tract,"$1 to $9,999 or loss",A202103,7
A202103_9,tract,"$10,000 to $14,999",A202103,9
A202103_11,tract,"$15,000 to $24,999",A202103,11
A202103_13,tract,"$25,000 to $34,999",A202103,13
A202103_15,tract,"$35,000 to $49,999",A202103,15
A202103_17,tract,"$50,000 to $64,999",A202103,17
A202103_19,tract,"$65,000 to $74,999",A202103,19
A202103_21,tract,"$75,000 to $99,999",A202103,21
A202103_23,tract,"$100,000 or more",A202103,23
A202103_25,tract,No earnings in the past 12 months,A202103,25
A202104_5,tract,"Total, all industries",A202104,5
A202104_7,tract,"Agriculture, forestry, fishing and hunting, and mining",A202104,7
A202104_9,tract,Construction,A202104,9
A202104_11,tract,Manufacturing,A202104,11
A202104_13,tract,Wholesale trade,A202104,13
A202104_15,tract,Retail trade,A202104,15
A202104_17,tract,"Transportation and warehousing, and utilities",A202104,17
A202104_19,tract,Information,A202104,19
A202104_21,tract,"Finance, insurance, real estate and rental and leasing",A202104,21
A202104_23,tract,"Professional, scientific, management, administrative,  and waste management services",A202104,23
A202104_25,tract,"Educational, health and social services",A202104,25
A202104_27,tract,"Arts, entertainment, recreation, accommodation and food services",A202104,27
A202104_29,tract,Other services (except public administration),A202104,29
A202104_31,tract,Public administration,A202104,31
A202104_33,tract,Armed forces,A202104,33
A202105_5,tract,"Total, means of transportation",A202105,5
A202105_7,tract,"Car, truck, or van -- Drove alone",A202105,7
A202105_9,tract,"Car, truck, or van -- In a 2-person carpool",A202105,9
A202105_11,tract,"Car, truck, or van -- In a 3-person carpool",A202105,11
A202105_13,tract,"Car, truck, or van -- In a 4-person carpool",A202105,13
A202105_15,tract,"Car, truck, or van -- In a 5-or-6-person carpool",A202105,15
A202105_17,tract,"Car, truck, or van -- In a 7-or-more-person carpool",A202105,17
A202105_19,tract,Bus or trolley bus,A202105,19
A202105_21,tract,Streetcar or trolley car,A202105,21
A202105_23,tract,Subway or elevated,A202105,23
A202105_25,tract,Railroad,A202105,25
A202105_27,tract,Ferryboat,A202105,27
A202105_29,tract,Bicycle,A202105,29
A202105_31,tract,Walked,A202105,31
A202105_33,tract,Taxicab,A202105,33
A202105_35,tract,Motorcycle,A202105,35
A202105_37,tract,Other method,A202105,37
A202105_39,tract,Worked at home,A202105,39
A202106_5,tract,"Total, all occupations",A202106,5
A202106_7,tract,Management occupations,A202106,7
A202106_9,tract,Farmers and farm managers,A202106,9
A202106_11,tract,Business and financial operations specialists,A202106,11
A202106_13,tract,Computer and mathematical occupations,A202106,13
A202106_15,tract,Architecture and engineering occupations,A202106,15
A202106_17,tract,"Life, physical, and social science occupations",A202106,17
A202106_19,tract,Community and social service occupations,A202106,19
A202106_21,tract,Legal occupations,A202106,21
A202106_23,tract,"Education, training, and library occupations",A202106,23
A202106_25,tract,"Arts, design, entertainment, sports, and media occupations",A202106,25
A202106_27,tract,Healthcare practitioners and technicians occpuations,A202106,27
A202106_29,tract,Healthcare support occupations,A202106,29
A202106_31,tract,Protective service occupations,A202106,31
A202106_33,tract,Food preparation and serving related occupations,A202106,33
A202106_35,tract,Building and grounds cleaning and maintenance occupations,A202106,35
A202106_37,tract,Personal care and service occupations,A202106,37
A202106_39,tract,Sales and related occupations,A202106,39
A202106_41,tract,Office and administrative support occupations,A202106,41
A202106_43,tract,"Farming, fishing, and forestry occupations",A202106,43
A202106_45,tract,Construction and extraction occupations,A202106,45
A202106_47,tract,"Installation, maintenance, and repair occupations",A202106,47
A202106_49,tract,Production occupations,A202106,49
A202106_51,tract,Transportation and material moving occupations,A202106,51
A202106_53,tract,Armed Forces,A202106,53
A202107_5,tract,"Total persons, Hispanic/Latino origin",A202107,5
A202107_7,tract,Hispanic or Latino,A202107,7
A202107_9,tract,Not Hispanic or Latino,A202107,9
A202110_5,tract,All races,A202110,5
A202110_7,tract,White alone,A202110,7
A202110_9,tract,Black or African American alone,A202110,9
A202110_11,tract,Asian alone,A202110,11
A202110_13,tract,"All Other, i.e., 2 or more races, Native Hawaiian or Pacific Islander, American Indian or Alaska Native, Other race",A202110,13
A202111_5,tract,Both sexes,A202111,5
A202111_7,tract,Male,A202111,7
A202111_9,tract,Female,A202111,9
A202112_5,tract,All workers,A202112,5
A202112_7,tract,Did not work at home,A202112,7
A202112_9,tract,5:00 a.m. to 5:14 a.m.,A202112,9
A202112_11,tract,5:15 a.m. to 5:29 a.m.,A202112,11
A202112_13,tract,5:30 a.m. to 5:44 a.m.,A202112,13
A202112_15,tract,5:45 a.m. to 5:59 a.m.,A202112,15
A202112_17,tract,6:00 a.m. to 6:14 a.m.,A202112,17
A202112_19,tract,6:15 a.m. to 6:29 a.m.,A202112,19
A202112_21,tract,6:30 a.m. to 6:44 a.m.,A202112,21
A202112_23,tract,6:45 a.m. to 6:59 a.m.,A202112,23
A202112_25,tract,7:00 a.m. to 7:14 a.m.,A202112,25
A202112_27,tract,7:15 a.m. to 7:29 a.m.,A202112,27
A202112_29,tract,7:30 a.m. to 7:44 a.m.,A202112,29
A202112_31,tract,7:45 a.m. to 7:59 a.m.,A202112,31
A202112_33,tract,8:00 a.m. to 8:14 a.m.,A202112,33
A202112_35,tract,8:15 a.m. to 8:29 a.m.,A202112,35
A202112_37,tract,8:30 a.m. to 8:44 a.m.,A202112,37
A202112_39,tract,8:45 a.m. to 8:59 a.m.,A202112,39
A202112_41,tract,9:00 a.m. to 9:14 a.m.,A202112,41
A202112_43,tract,9:15 a.m. to 9:29 a.m.,A202112,43
A202112_45,tract,9:30 a.m. to 9:44 a.m.,A202112,45
A202112_47,tract,9:45 a.m. to 9:59 a.m.,A202112,47
A202112_49,tract,10:00 a.m. to 10:14 a.m.,A202112,49
A202112_51,tract,10:15 a.m. to 10:29 a.m.,A202112,51
A202112_53,tract,10:30 a.m. to 10:44 a.m.,A202112,53
A202112_55,tract,10:45 a.m. to 10:59 a.m.,A202112,55
A202112_57,tract,11:00 a.m. to 11:59 a.m.,A202112,57
A202112_59,tract,12:00 p.m. to 12:59 p.m.,A202112,59
A202112_61,tract,1:00 p.m. to 1:59 p.m.,A202112,61
A202112_63,tract,2:00 p.m. to 2:59 p.m.,A202112,63
A202112_65,tract,3:00 p.m. to 3:59 p.m.,A202112,65
A202112_67,tract,4:00 p.m. to 4:59 p.m.,A202112,67
A202112_69,tract,5:00 p.m. to 5:59 p.m.,A202112,69
A202112_71,tract,6:00 p.m. to 6:59 p.m.,A202112,71
A202112_73,tract,7:00 p.m. to 7:59 p.m.,A202112,73
A202112_75,tract,8:00 p.m. to 8:59 p.m.,A202112,75
A202112_77,tract,9:00 p.m. to 9:59 p.m.,A202112,77
A202112_79,tract,10:00 p.m. to 10:59 p.m.,A202112,79
A202112_81,tract,11:00 p.m. to 11:59 p.m.,A202112,81
A202112_83,tract,12:00 a.m. to 4:59 a.m.,A202112,83
A202112_85,tract,Worked at home,A202112,85
A203100_5,tract,Total workers in households,A203100,5
B203101_5,tract,"Total, household income",B203101,5
B203101_7,tract,"Less than $5,000",B203101,7
B203101_9,tract,"$5,000-$9,999",B203101,9
B203101_11,tract,"$10,000-$12,499",B203101,11
B203101_13,tract,"$12,500-$14,999",B203101,13
B203101_15,tract,"$15,000-$17,499",B203101,15
B203101_17,tract,"$17,500-$19,999",B203101,17
B203101_19,tract,"$20,000-$22,499",B203101,19
B203101_21,tract,"$22,500-$24,999",B203101,21
B203101_23,tract,"$25,000-$27,499",B203101,23
B203101_25,tract,"$27,500-$29,999",B203101,25
B203101_27,tract,"$30,000-$32,499",B203101,27
B203101_29,tract,"$32,500-$34,999",B203101,29
B203101_31,tract,"$35,000-$37,499",B203101,31
B203101_33,tract,"$37,500-$39,999",B203101,33
B203101_35,tract,"$40,000-$42,499",B203101,35
B203101_37,tract,"$42,500-$44,999",B203101,37
B203101_39,tract,"$45,000-$47,499",B203101,39
B203101_41,tract,"$47,500-$49,999",B203101,41
B203101_43,tract,"$50,000-$54,999",B203101,43
B203101_45,tract,"$55,000-$59,999",B203101,45
B203101_47,tract,"$60,000-$74,999",B203101,47
B203101_49,tract,"$75,000-$99,999",B203101,49
B203101_51,tract,"$100,000-$124,999",B203101,51
B203101_53,tract,"$125,000-$149,999",B203101,53
B203101_55,tract,"$150,000 or more",B203101,55
B203102_5,tract,"Total, vehicles available",B203102,5
B203102_7,tract,0 vehicles,B203102,7
B203102_9,tract,1 vehicle,B203102,9
B203102_11,tract,2 vehicles,B203102,11
B203102_13,tract,3 vehicles,B203102,13
B203102_15,tract,4-or-more vehicles,B203102,15
B207100_5,tract,"Workers per car, truck, or van",B207100,5
A202100_5,taz,Total population (All persons),A202100,5
A202101_5,taz,"Total, all ages 16 years and over",A202101,5
A202101_7,taz,16 and 17 years,A202101,7
A202101_9,taz,18 to 20 years,A202101,9
A202101_11,taz,21 to 24 years,A202101,11
A202101_13,taz,25 to 34 years,A202101,13
A202101_15,taz,35 to 44 years,A202101,15
A202101_17,taz,45 to 59 years,A202101,17
A202101_19,taz,60 to 64 years,A202101,19
A202101_21,taz,65 to 74 years,A202101,21
A202101_23,taz,75 years and over,A202101,23
A202103_5,taz,"Total, workers' earnings in the past 12 months",A202103,5
A202103_7,taz,"$1 to $9,999 or loss",A202103,7
A202103_9,taz,"$10,000 to $14,999",A202103,9
A202103_11,taz,"$15,000 to $24,999",A202103,11
A202103_13,taz,"$25,000 to $34,999",A202103,13
A202103_15,taz,"$35,000 to $49,999",A202103,15
A202103_17,taz,"$50,000 to $64,999",A202103,17
A202103_19,taz,"$65,000 to $74,999",A202103,19
A202103_21,taz,"$75,000 to $99,999",A202103,21
A202103_23,taz,"$100,000 or more",A202103,23
A202103_25,taz,No earnings in the past 12 months,A202103,25
A202104_5,taz,"Total, all industries",A202104,5
A202104_7,taz,"Agriculture, forestry, fishing and hunting, and mining",A202104,7
A202104_9,taz,Construction,A202104,9
A202104_11,taz,Manufacturing,A202104,11
A202104_13,taz,Wholesale trade,A202104,13
A202104_15,taz,Retail trade,A202104,15
A202104_17,taz,"Transportation and warehousing, and utilities",A202104,17
A202104_19,taz,Information,A202104,19
A202104_21,taz,"Finance, insurance, real estate and rental and leasing",A202104,21
A202104_23,taz,"Professional, scientific, management, administrative,  and waste management services",A202104,23
A202104_25,taz,"Educational, health and social services",A202104,25
A202104_27,taz,"Arts, entertainment, recreation, accommodation and food services",A202104,27
A202104_29,taz,Other services (except public administration),A202104,29
A202104_31,taz,Public administration,A202104,31
A202104_33,taz,Armed forces,A202104,33
A202105_5,taz,"Total, means of transportation",A202105,5
A202105_7,taz,"Car, truck, or van -- Drove alone",A202105,7
A202105_9,taz,"Car, truck, or van -- In a 2-person carpool",A202105,9
A202105_11,taz,"Car, truck, or van -- In a 3-person carpool",A202105,11
A202105_13,taz,"Car, truck, or van -- In a 4-person carpool",A202105,13
A202105_15,taz,"Car, truck, or van -- In a 5-or-6-person carpool",A202105,15
A202105_17,taz,"Car, truck, or van -- In a 7-or-more-person carpool",A202105,17
A202105_19,taz,Bus or trolley bus,A202105,19
A202105_21,taz,Streetcar or trolley car,A202105,21
A202105_23,taz,Subway or elevated,A202105,23
A202105_25,taz,Railroad,A202105,25
A202105_27,taz,Ferryboat,A202105,27
A202105_29,taz,Bicycle,A202105,29
A202105_31,taz,Walked,A202105,31
A202105_33,taz,Taxicab,A202105,33
A202105_35,taz,Motorcycle,A202105,35
A202105_37,taz,Other method,A202105,37
A202105_39,taz,Worked at home,A202105,39
A202106_5,taz,"Total, all occupations",A202106,5
A202106_7,taz,Management occupations,A202106,7
A202106_9,taz,Farmers and farm managers,A202106,9
A202106_11,taz,Business and financial operations specialists,A202106,11
A202106_13,taz,Computer and mathematical occupations,A202106,13
A202106_15,taz,Architecture and engineering occupations,A202106,15
A202106_17,taz,"Life, physical, and social science occupations",A202106,17
A202106_19,taz,Community and social service occupations,A202106,19
A202106_21,taz,Legal occupations,A202106,21
A202106_23,taz,"Education, training, and library occupations",A202106,23
A202106_25,taz,"Arts, design, entertainment, sports, and media occupations",A202106,25
A202106_27,taz,Healthcare practitioners and technicians occpuations,A202106,27
A202106_29,taz,Healthcare support occupations,A202106,29
A202106_31,taz,Protective service occupations,A202106,31
A202106_33,taz,Food preparation and serving related occupations,A202106,33
A202106_35,taz,Building and grounds cleaning and maintenance occupations,A202106,35
A202106_37,taz,Personal care and service occupations,A202106,37
A202106_39,taz,Sales and related occupations,A202106,39
A202106_41,taz,Office and administrative support occupations,A202106,41
A202106_43,taz,"Farming, fishing, and forestry occupations",A202106,43
A202106_45,taz,Construction and extraction occupations,A202106,45
A202106_47,taz,"Installation, maintenance, and repair occupations",A202106,47
A202106_49,taz,Production occupations,A202106,49
A202106_51,taz,Transportation and material moving occupations,A202106,51
A202106_53,taz,Armed Forces,A202106,53
A202107_5,taz,"Total persons, Hispanic/Latino origin",A202107,5
A202107_7,taz,Hispanic or Latino,A202107,7
A202107_9,taz,Not Hispanic or Latino,A202107,9
A202110_5,taz,All races,A202110,5
A202110_7,taz,White alone,A202110,7
A202110_9,taz,Black or African American alone,A202110,9
A202110_11,taz,Asian alone,A202110,11
A202110_13,taz,"All Other, i.e., 2 or more races, Native Hawaiian or Pacific Islander, American Indian or Alaska Native, Other race",A202110,13
A202111_5,taz,Both sexes,A202111,5
A202111_7,taz,Male,A202111,7
A202111_9,taz,Female,A202111,9
A202112_5,taz,All workers,A202112,5
A202112_7,taz,Did not work at home,A202112,7
A202112_9,taz,5:00 a.m. to 5:14 a.m.,A202112,9
A202112_11,taz,5:15 a.m. to 5:29 a.m.,A202112,11
A202112_13,taz,5:30 a.m. to 5:44 a.m.,A202112,13
A202112_15,taz,5:45 a.m. to 5:59 a.m.,A202112,15
A202112_17,taz,6:00 a.m. to 6:14 a.m.,A202112,17
A202112_19,taz,6:15 a.m. to 6:29 a.m.,A202112,19
A202112_21,taz,6:30 a.m. to 6:44 a.m.,A202112,21
A202112_23,taz,6:45 a.m. to 6:59 a.m.,A202112,23
A202112_25,taz,7:00 a.m. to 7:14 a.m.,A202112,25
A202112_27,taz,7:15 a.m. to 7:29 a.m.,A202112,27
A202112_29,taz,7:30 a.m. to 7:44 a.m.,A202112,29
A202112_31,taz,7:45 a.m. to 7:59 a.m.,A202112,31
A202112_33,taz,8:00 a.m. to 8:14 a.m.,A202112,33
A202112_35,taz,8:15 a.m. to 8:29 a.m.,A202112,35
A202112_37,taz,8:30 a.m. to 8:44 a.m.,A202112,37
A202112_39,taz,8:45 a.m. to 8:59 a.m.,A202112,39
A202112_41,taz,9:00 a.m. to 9:14 a.m.,A202112,41
A202112_43,taz,9:15 a.m. to 9:29 a.m.,A202112,43
A202112_45,taz,9:30 a.m. to 9:44 a.m.,A202112,45
A202112_47,taz,9:45 a.m. to 9:59 a.m.,A202112,47
A202112_49,taz,10:00 a.m. to 10:14 a.m.,A202112,49
A202112_51,taz,10:15 a.m. to 10:29 a.m.,A202112,51
A202112_53,taz,10:30 a.m. to 10:44 a.m.,A202112,53
A202112_55,taz,10:45 a.m. to 10:59 a.m.,A202112,55
A202112_57,taz,11:00 a.m. to 11:59 a.m.,A202112,57
A202112_59,taz,12:00 p.m. to 12:59 p.m.,A202112,59
A202112_61,taz,1:00 p.m. to 1:59 p.m.,A202112,61
A202112_63,taz,2:00 p.m. to 2:59 p.m.,A202112,63
A202112_65,taz,3:00 p.m. to 3:59 p.m.,A202112,65
A202112_67,taz,4:00 p.m. to 4:59 p.m.,A202112,67
A202112_69,taz,5:00 p.m. to 5:59 p.m.,A202112,69
A202112_71,taz,6:00 p.m. to 6:59 p.m.,A202112,71
A202112_73,taz,7:00 p.m. to 7:59 p.m.,A202112,73
A202112_75,taz,8:00 p.m. to 8:59 p.m.,A202112,75
A202112_77,taz,9:00 p.m. to 9:59 p.m.,A202112,77
A202112_79,taz,10:00 p.m. to 10:59 p.m.,A202112,79
A202112_81,taz,11:00 p.m. to 11:59 p.m.,A202112,81
A202112_83,taz,12:00 a.m. to 4:59 a.m.,A202112,83
A202112_85,taz,Worked at home,A202112,85
A203100_5,taz,Total workers in households,A203100,5
B203101_5,taz,"Total, household income",B203101,5
B203101_7,taz,"Less than $5,000",B203101,7
B203101_9,taz,"$5,000-$9,999",B203101,9
B203101_11,taz,"$10,000-$12,499",B203101,11
B203101_13,taz,"$12,500-$14,999",B203101,13
B203101_15,taz,"$15,000-$17,499",B203101,15
B203101_17,taz,"$17,500-$19,999",B203101,17
B203101_19,taz,"$20,000-$22,499",B203101,19
B203101_21,taz,"$22,500-$24,999",B203101,21
B203101_23,taz,"$25,000-$27,499",B203101,23
B203101_25,taz,"$27,500-$29,999",B203101,25
B203101_27,taz,"$30,000-$32,499",B203101,27
B203101_29,taz,"$32,500-$34,999",B203101,29
B203101_31,taz,"$35,000-$37,499",B203101,31
B203101_33,taz,"$37,500-$39,999",B203101,33
B203101_35,taz,"$40,000-$42,499",B203101,35
B203101_37,taz,"$42,500-$44,999",B203101,37
B203101_39,taz,"$45,000-$47,499",B203101,39
B203101_41,taz,"$47,500-$49,999",B203101,41
B203101_43,taz,"$50,000-$54,999",B203101,43
B203101_45,taz,"$55,000-$59,999",B203101,45
B203101_47,taz,"$60,000-$74,999",B203101,47
B203101_49,taz,"$75,000-$99,999",B203101,49
B203101_51,taz,"$100,000-$124,999",B203101,51
B203101_53,taz,"$125,000-$149,999",B203101,53
B203101_55,taz,"$150,000 or more",B203101,55
B203102_5,taz,"Total, vehicles available",B203102,5
B203102_7,taz,0 vehicles,B203102,7
B203102_9,taz,1 vehicle,B203102,9
B203102_11,taz,2 vehicles,B203102,11
B203102_13,taz,3 vehicles,B203102,13
B203102_15,taz,4-or-more vehicles,B203102,15
B207100_5,taz,"Workers per car, truck, or van",B207100,5
